671744;16773120
14765105;16777215
14765106;16777215
14765107;16777215
14765168;16777215
8159790;16777214
8159792;16777200
8159808;16777152
8159872;16777088
8160000;16776960
8160256;16776192
8161280;16775168
8163328;16773120
8167424;16769024
8175616;16760832
8192000;16711680
8257536;16646144
4472832;16760832
6293505;16777215
688161;16777215
8994833;16777215
8994838;16777215
7351298;16777215
7351299;16777215
7351300;16777215
4517888;16773120
4506081;16777215
4506085;16777215
4506087;16777215
4506088;16777215
4506083;16777215
4506084;16777215
4517249;16777215
4517250;16777215
4517251;16777215
15286522;16777215
15286532;16777215
196626;16777215
196634;16777215
14942208;16769024
14977465;16777215
14974462;16777215
14974528;16777215
14975478;16777215
14975479;16777215
14975930;16777215
14975931;16777215
14977386;16777215
14975682;16777215
14975683;16777215
14976067;16777215
14976068;16777215
14976487;16777215
14976488;16777215
14976489;16777215
14977311;16777215
14977312;16777215
14977313;16777215
14975912;16777215
14975914;16777215
14975915;16777215
4550656;16773120
214083;16777215
214085;16777215
12713984;16646144
15205888;16776960
704517;16777215
704571;16777215
704614;16777215
704615;16777215
704625;16777215
704780;16777215
704566;16777215
5250323;16777215
5250949;16777215
5250950;16777215
4817920;16776960
4584448;16776960
15220789;16777215
15220784;16777215
65648;16777200
65664;16777200
65836;16777215
4618240;16776960
3833856;16744448
3866624;16711680
3670619;16777215
3673371;16777215
3677819;16777215
3677243;16777215
3677755;16777215
3677115;16777215
3673403;16777215
4096000;16760832
4145152;16760832
4161536;16760832
4620288;16776192
4650386;16777214
4628625;16777215
4628627;16777215
4628629;16777215
4668416;16777200
4685808;16777200
4685809;16777215
4685810;16777215
4685811;16777215
8389120;16776960
8389389;16777215
8388728;16777215
8388729;16777215
8388822;16777215
8511715;16777215
9054465;16777215
9054466;16777215
9044004;16777215
9044009;16777215
7556382;16777215
7504373;16777215
7504374;16777214
7504376;16777208
7504384;16777212
5021731;16777215
5022014;16777215
5022015;16777215
5022040;16777215
5022212;16777215
5022183;16777215
5022184;16777215
5022185;16777215
5022186;16777215
5022187;16777215
5022188;16777215
5022189;16777215
5022190;16777215
5022348;16777215
5022347;16777215
5022490;16777215
5022494;16777215
5022512;16777215
5022513;16777215
5022514;16777215
5022517;16777215
5022518;16777215
7571968;16776704
3407616;16776960
8899594;16777215
8896512;16777215
8896513;16777215
8899585;16777215
8899595;16777215
8899592;16777215
8899593;16777215
7469825;16777215
7469826;16777215
7469322;16777215
7469318;16777215
99307;16777215
5259218;16777215
5259219;16777215
7668054;16777215
7667924;16777215
7667724;16777215
7667727;16777215
7667748;16777215
7667749;16777215
7667750;16777215
7667751;16777215
7667901;16777215
7667909;16777215
7667927;16777215
5054552;16777215
853525;16777215
853186;16777215
852410;16777215
853318;16777215
853319;16777215
851995;16777215
852031;16777215
852665;16777215
852037;16777215
852058;16777215
853583;16777215
853581;16777215
131165;16777215
131166;16777215
131240;16777215
131243;16777215
131232;16777215
131235;16777215
131234;16777215
131237;16777215
131244;16777215
131147;16777215
131142;16777215
131148;16777215
131149;16777215
131150;16777215
131121;16777215
131127;16777215
131128;16777215
131129;16777215
131130;16777215
131131;16777215
131132;16777215
131134;16777215
131137;16777215
131273;16777215
131276;16777215
131248;16777200
131264;16777208
5047232;16777184
4718592;16773120
13139712;16776960
409681;16777215
409840;16777215
4686022;16777214
4686024;16777208
4686032;16777200
4686048;16777184
4686080;16776960
7389296;16777200
7389324;16777215
7389323;16777215
7733481;16777215
7733273;16777215
7737392;16777215
7737558;16777215
7737560;16777215
7737407;16777215
7737419;16777215
7737425;16777215
7737426;16777215
7737428;16777215
7737437;16777215
7747975;16777215
7744243;16777215
7744500;16777215
7734005;16777215
7741594;16777215
794702;16777215
15253511;16777215
4773888;16776960
4815872;16776960
434762;16777215
434763;16777215
434764;16777215
434765;16777215
434393;16777215
434394;16777215
434760;16777215
434761;16777215
434773;16777215
434774;16777215
4863402;16777215
4863403;16777215
4863404;16777215
4855594;16777215
4855830;16777215
4855855;16777215
7406168;16777208
7406176;16777184
7406208;16777184
7406464;16777184
7405834;16777215
7405835;16777215
7406305;16777215
7406306;16777215
7406293;16777215
7406307;16777215
7406308;16777215
7406329;16777215
4981077;16777215
7791363;16777215
7791362;16777215
7791364;16777215
7791361;16777215
7767235;16777215
5267308;16777215
5267299;16777215
5267297;16777215
5267298;16777215
5267306;16777215
5267304;16777215
5271296;16776960
3473408;16711680
3538944;16646144
3417547;16777215
3417751;16777215
3417749;16777215
3412418;16777215
3421066;16777215
3421067;16777215
3420878;16777215
3413271;16777215
3413272;16777215
3413377;16777215
3413385;16777215
3413386;16777215
3413387;16777215
3416154;16777215
3416196;16777215
3416473;16777215
3417232;16777215
3417679;16777215
3417747;16777215
3420376;16777215
3420291;16777215
3420292;16777215
3420293;16777215
3420294;16777215
3420295;16777215
3420298;16777215
3420300;16777215
3412363;16777215
3420301;16777215
3417558;16777215
4882817;16777215
4882818;16777215
4882819;16777215
4882820;16777215
4882821;16777215
4882822;16777215
4882823;16777215
4882824;16777215
4882918;16777215
4882708;16777215
4882975;16777215
4882930;16777215
4882932;16777215
4882640;16777215
4882937;16777215
4882936;16777215
4882841;16777215
4882986;16777215
4943872;16773120
9015648;16777215
8914339;16777215
8914352;16777215
8913921;16777215
8927937;16777215
8912935;16777215
8912940;16777215
8914343;16777215
8914344;16777215
8914345;16777215
8914346;16777215
8914347;16777215
8914348;16777215
8914349;16777215
8914350;16777215
8914351;16777215
8912969;16777215
8934194;16777215
8920161;16777215
8920162;16777215
8920163;16777215
8920164;16777215
8916406;16777215
8934195;16777215
8921672;16777215
4948480;16776960
6297698;16777215
9006080;16777152
9003050;16777215
9003049;16777215
9003051;16777215
9003052;16777215
4440064;16773120
4194304;16777152
11403264;16646144
11401216;16775168
11401184;16777184
11401168;16777200
11401160;16777208
884786;16777215
884832;16777215
884844;16777215
3407482;16777215
3407485;16777215
3407479;16777215
3407506;16777215
4805044;16777215
176737;16777215
3276807;16777215
10690057;16777215
3778624;16777215
3778631;16777215
3778632;16777215
3778637;16777215
3778639;16777215
3778641;16777215
3778645;16777215
3778647;16777215
11307415;16777215
3407517;16777215
10964691;16777215
65912;16777215
11361012;16777215
3407561;16777215
7406048;16777215
8390546;16777215
409842;16777215
4219094;16777215
4198096;16777215
4198056;16777215
3417748;16777215
7406507;16777215
3147008;16777215
409841;16777215
5031016;16777215
3678267;16777215
540675;16777215
7365143;16777215
8390551;16777215
